{
  "id": "",
  "name": "",
  "font_family": "iconfont",
  "css_prefix_text": "icon-",
  "description": "",
  "glyphs": [
    {
      "icon_id": "637813",
      "name": "足迹",
      "font_class": "zuji",
      "unicode": "e638",
      "unicode_decimal": 58936
    },
    {
      "icon_id": "1010147",
      "name": "上箭头",
      "font_class": "shangjiantou",
      "unicode": "e633",
      "unicode_decimal": 58931
    },
    {
      "icon_id": "2305511",
      "name": "收藏",
      "font_class": "shoucang",
      "unicode": "e610",
      "unicode_decimal": 58896
    },
    {
      "icon_id": "4954933",
      "name": "购物车",
      "font_class": "gouwuche",
      "unicode": "e657",
      "unicode_decimal": 58967
    },
    {
      "icon_id": "5022571",
      "name": "手机",
      "font_class": "shouji",
      "unicode": "e621",
      "unicode_decimal": 58913
    },
    {
      "icon_id": "5532912",
      "name": "优惠券",
      "font_class": "youhuiquan",
      "unicode": "e639",
      "unicode_decimal": 58937
    },
    {
      "icon_id": "7055646",
      "name": "消息",
      "font_class": "xiaoxi",
      "unicode": "e72c",
      "unicode_decimal": 59180
    }
  ]
}
