{
  "id": "",
  "name": "",
  "font_family": "iconfont",
  "css_prefix_text": "icon-",
  "description": "",
  "glyphs": [
    {
      "icon_id": "15693",
      "name": "安卓",
      "font_class": "anzhuo",
      "unicode": "e690",
      "unicode_decimal": 59024
    },
    {
      "icon_id": "113671",
      "name": "火",
      "font_class": "fire",
      "unicode": "e629",
      "unicode_decimal": 58921
    },
    {
      "icon_id": "344978",
      "name": "download",
      "font_class": "icondownload",
      "unicode": "e714",
      "unicode_decimal": 59156
    },
    {
      "icon_id": "579286",
      "name": "点赞",
      "font_class": "dianzan",
      "unicode": "e60c",
      "unicode_decimal": 58892
    },
    {
      "icon_id": "728996",
      "name": "眼睛",
      "font_class": "yanjing",
      "unicode": "e60d",
      "unicode_decimal": 58893
    },
    {
      "icon_id": "1445514",
      "name": "unity",
      "font_class": "unity",
      "unicode": "e90b",
      "unicode_decimal": 59659
    },
    {
      "icon_id": "1496251",
      "name": "苹果",
      "font_class": "pingguo",
      "unicode": "e63d",
      "unicode_decimal": 58941
    },
    {
      "icon_id": "5203226",
      "name": "爱心",
      "font_class": "aixin",
      "unicode": "e61a",
      "unicode_decimal": 58906
    },
    {
      "icon_id": "6342191",
      "name": "加载",
      "font_class": "jiazai",
      "unicode": "e684",
      "unicode_decimal": 59012
    },
    {
      "icon_id": "8842904",
      "name": "星星",
      "font_class": "xingxing",
      "unicode": "e637",
      "unicode_decimal": 58935
    },
    {
      "icon_id": "10487556",
      "name": "礼物",
      "font_class": "liwu",
      "unicode": "e697",
      "unicode_decimal": 59031
    },
    {
      "icon_id": "11981609",
      "name": "facebook",
      "font_class": "facebook",
      "unicode": "e953",
      "unicode_decimal": 59731
    },
    {
      "icon_id": "11982216",
      "name": "twitter",
      "font_class": "twitter",
      "unicode": "e9b2",
      "unicode_decimal": 59826
    },
    {
      "icon_id": "15378556",
      "name": "lua",
      "font_class": "lua",
      "unicode": "ebfd",
      "unicode_decimal": 60413
    },
    {
      "icon_id": "15378915",
      "name": "unity",
      "font_class": "unity1",
      "unicode": "ecf6",
      "unicode_decimal": 60662
    },
    {
      "icon_id": "15391368",
      "name": "聊天",
      "font_class": "liaotian",
      "unicode": "e61f",
      "unicode_decimal": 58911
    }
  ]
}
